{
  "_fv": 60,
  "_type": "gui",
  "definition": {
    "type": 0,
    "width": 220,
    "height": 150,
    "inventoryOffsetX": 0,
    "inventoryOffsetY": 0,
    "renderBgLayer": true,
    "doesPauseGame": false,
    "components": [
      {
        "type": "button",
        "data": {
          "name": "button_shi_wu",
          "text": "food",
          "isUndecorated": false,
          "onClick": {
            "name": "Book2"
          },
          "width": 36,
          "height": 20,
          "x": 169,
          "y": 75
        }
      },
      {
        "type": "button",
        "data": {
          "name": "button_foop",
          "text": "foop",
          "isUndecorated": false,
          "width": 36,
          "height": 20,
          "x": 277,
          "y": 75
        }
      },
      {
        "type": "button",
        "data": {
          "name": "button_foow",
          "text": "foow",
          "isUndecorated": false,
          "width": 36,
          "height": 20,
          "x": 223,
          "y": 75
        }
      },
      {
        "type": "button",
        "data": {
          "name": "button_fsss",
          "text": "story",
          "isUndecorated": false,
          "width": 36,
          "height": 20,
          "x": 115,
          "y": 75
        }
      },
      {
        "type": "image",
        "data": {
          "image": "biaoti.png",
          "use1Xscale": false,
          "x": 190,
          "y": 49
        }
      }
    ],
    "gridSettings": {
      "sx": 18,
      "sy": 18,
      "ox": 13,
      "oy": 23,
      "snapOnGrid": true
    }
  }
}