{
  "_fv": 60,
  "_type": "gui",
  "definition": {
    "type": 0,
    "width": 215,
    "height": 180,
    "inventoryOffsetX": 0,
    "inventoryOffsetY": 0,
    "renderBgLayer": true,
    "doesPauseGame": false,
    "components": [
      {
        "type": "image",
        "data": {
          "image": "youyu.png",
          "use1Xscale": true,
          "x": 115,
          "y": 39
        }
      },
      {
        "type": "image",
        "data": {
          "image": "beta60.png",
          "use1Xscale": true,
          "x": 115,
          "y": 57
        }
      },
      {
        "type": "image",
        "data": {
          "image": "6.png",
          "use1Xscale": true,
          "x": 133,
          "y": 48
        }
      },
      {
        "type": "image",
        "data": {
          "image": "chudao.png",
          "use1Xscale": true,
          "x": 115,
          "y": 48
        }
      },
      {
        "type": "imagebutton",
        "data": {
          "name": "imagebutton_zhizhen1",
          "image": "zhizhen1.png",
          "hoveredImage": "",
          "x": 108,
          "y": 192
        }
      },
      {
        "type": "imagebutton",
        "data": {
          "name": "imagebutton_zhizhen2",
          "image": "zhizhen2.png",
          "hoveredImage": "",
          "x": 304,
          "y": 192
        }
      },
      {
        "type": "image",
        "data": {
          "image": "squid.png",
          "use1Xscale": true,
          "x": 151,
          "y": 48
        }
      },
      {
        "type": "image",
        "data": {
          "image": "tudousi1.png",
          "use1Xscale": true,
          "x": 115,
          "y": 75
        }
      },
      {
        "type": "image",
        "data": {
          "image": "wheat_seeds.png",
          "use1Xscale": true,
          "x": 124,
          "y": 75
        }
      },
      {
        "type": "image",
        "data": {
          "image": "zhiwuyou1.png",
          "use1Xscale": true,
          "x": 115,
          "y": 84
        }
      },
      {
        "type": "image",
        "data": {
          "image": "6.png",
          "use1Xscale": true,
          "x": 133,
          "y": 84
        }
      },
      {
        "type": "image",
        "data": {
          "image": "wan.png",
          "use1Xscale": true,
          "x": 115,
          "y": 93
        }
      },
      {
        "type": "image",
        "data": {
          "image": "meitan1.png",
          "use1Xscale": true,
          "x": 124,
          "y": 93
        }
      },
      {
        "type": "image",
        "data": {
          "image": "tudou1.png",
          "use1Xscale": true,
          "x": 151,
          "y": 84
        }
      }
    ],
    "gridSettings": {
      "sx": 18,
      "sy": 18,
      "ox": 13,
      "oy": 23,
      "snapOnGrid": true
    }
  }
}