{
  "_fv": 60,
  "_type": "gui",
  "definition": {
    "type": 1,
    "width": 176,
    "height": 166,
    "inventoryOffsetX": 0,
    "inventoryOffsetY": 0,
    "renderBgLayer": true,
    "doesPauseGame": false,
    "components": [
      {
        "type": "inputslot",
        "data": {
          "inputLimit": {
            "value": ""
          },
          "disablePlacement": {
            "fixedValue": false
          },
          "id": 0,
          "disablePickup": {
            "fixedValue": false
          },
          "dropItemsWhenNotBound": true,
          "onSlotChanged": {
            "name": "ChoppingBoard3"
          },
          "x": 168,
          "y": 71
        }
      },
      {
        "type": "outputslot",
        "data": {
          "id": 1,
          "disablePickup": {
            "fixedValue": false
          },
          "dropItemsWhenNotBound": true,
          "onSlotChanged": {
            "name": "ChoppingBoard3"
          },
          "x": 249,
          "y": 62
        }
      },
      {
        "type": "outputslot",
        "data": {
          "id": 2,
          "disablePickup": {
            "fixedValue": false
          },
          "dropItemsWhenNotBound": true,
          "onSlotChanged": {
            "name": "ChoppingBoard3"
          },
          "x": 267,
          "y": 62
        }
      },
      {
        "type": "outputslot",
        "data": {
          "id": 3,
          "disablePickup": {
            "fixedValue": false
          },
          "dropItemsWhenNotBound": true,
          "onSlotChanged": {
            "name": "ChoppingBoard3"
          },
          "x": 249,
          "y": 80
        }
      },
      {
        "type": "outputslot",
        "data": {
          "id": 4,
          "disablePickup": {
            "fixedValue": false
          },
          "dropItemsWhenNotBound": true,
          "onSlotChanged": {
            "name": "ChoppingBoard3"
          },
          "x": 267,
          "y": 80
        }
      },
      {
        "type": "label",
        "data": {
          "name": "label_empty",
          "text": {
            "fixedValue": "———>"
          },
          "color": {
            "value": -12829636,
            "falpha": 0.0
          },
          "x": 215,
          "y": 75
        }
      },
      {
        "type": "inputslot",
        "data": {
          "inputLimit": {
            "value": ""
          },
          "disablePlacement": {
            "fixedValue": false
          },
          "id": 5,
          "disablePickup": {
            "fixedValue": false
          },
          "dropItemsWhenNotBound": true,
          "onSlotChanged": {
            "name": "ChoppingBoard3"
          },
          "x": 186,
          "y": 71
        }
      }
    ],
    "onTick": {
      "name": "ChoppingBoard3"
    },
    "gridSettings": {
      "sx": 18,
      "sy": 18,
      "ox": 11,
      "oy": 15,
      "snapOnGrid": false
    }
  }
}