{
  "_fv": 60,
  "_type": "recipe",
  "definition": {
    "recipeType": "Crafting",
    "recipeRetstackSize": 1,
    "group": "kelp",
    "cookingBookCategory": "MISC",
    "xpReward": 0.0,
    "cookingTime": 200,
    "craftingBookCategory": "MISC",
    "recipeShapeless": true,
    "recipeSlots": [
      {
        "value": "CUSTOM:CookedShreddedSeaweed"
      },
      {
        "value": "CUSTOM:CookedShreddedSeaweed"
      },
      {
        "value": "CUSTOM:CookedShreddedSeaweed"
      },
      {
        "value": "CUSTOM:CookedShreddedSeaweed"
      },
      {
        "value": "Items.NETHER_WART"
      },
      {
        "value": "CUSTOM:Vinegar"
      },
      {
        "value": "CUSTOM:Vegetableoil"
      },
      {
        "value": "Items.BOWL"
      },
      {
        "value": ""
      }
    ],
    "recipeReturnStack": {
      "value": "CUSTOM:ColdSeaweedSalad"
    },
    "name": "cold_seaweed_salad_0",
    "namespace": "mod"
  }
}