{
  "_fv": 60,
  "_type": "recipe",
  "definition": {
    "recipeType": "Campfire cooking",
    "recipeRetstackSize": 1,
    "group": "kelp",
    "cookingBookCategory": "FOOD",
    "xpReward": 1.0,
    "cookingTime": 560,
    "craftingBookCategory": "MISC",
    "recipeShapeless": false,
    "campfireCookingInputStack": {
      "value": "CUSTOM:RawSeaweedKnot"
    },
    "campfireCookingReturnStack": {
      "value": "CUSTOM:CookedSeaweedKnot"
    },
    "name": "cooked_seaweed_knot_3",
    "namespace": "mod"
  }
}