{
  "_fv": 60,
  "_type": "recipe",
  "definition": {
    "recipeType": "Smoking",
    "recipeRetstackSize": 1,
    "group": "meat",
    "cookingBookCategory": "FOOD",
    "xpReward": 1.0,
    "cookingTime": 100,
    "craftingBookCategory": "MISC",
    "recipeShapeless": false,
    "smokingInputStack": {
      "value": "CUSTOM:RawMuttonNuggets"
    },
    "smokingReturnStack": {
      "value": "CUSTOM:CookedMuttonNuggets"
    },
    "name": "cooked_mutton_nuggets_2",
    "namespace": "mod"
  }
}