{
  "_fv": 60,
  "_type": "recipe",
  "definition": {
    "recipeType": "Smelting",
    "recipeRetstackSize": 1,
    "group": "kelp",
    "cookingBookCategory": "FOOD",
    "xpReward": 1.0,
    "cookingTime": 160,
    "craftingBookCategory": "MISC",
    "recipeShapeless": false,
    "smeltingInputStack": {
      "value": "CUSTOM:RawShreddedSeaweed"
    },
    "smeltingReturnStack": {
      "value": "CUSTOM:CookedShreddedSeaweed"
    },
    "name": "cooked_shredded_seaweed_1",
    "namespace": "mod"
  }
}