{
  "_fv": 60,
  "_type": "recipe",
  "definition": {
    "recipeType": "Smoking",
    "recipeRetstackSize": 1,
    "group": "kelp",
    "cookingBookCategory": "FOOD",
    "xpReward": 1.0,
    "cookingTime": 80,
    "craftingBookCategory": "MISC",
    "recipeShapeless": false,
    "smokingInputStack": {
      "value": "CUSTOM:RawShreddedSeaweed"
    },
    "smokingReturnStack": {
      "value": "CUSTOM:CookedShreddedSeaweed"
    },
    "name": "cooked_shredded_seaweed_2",
    "namespace": "mod"
  }
}