{
  "_fv": 60,
  "_type": "recipe",
  "definition": {
    "recipeType": "Campfire cooking",
    "recipeRetstackSize": 1,
    "group": "kelp",
    "cookingBookCategory": "FOOD",
    "xpReward": 1.0,
    "cookingTime": 460,
    "craftingBookCategory": "MISC",
    "recipeShapeless": false,
    "campfireCookingInputStack": {
      "value": "CUSTOM:RawShreddedSeaweed"
    },
    "campfireCookingReturnStack": {
      "value": "CUSTOM:CookedShreddedSeaweed"
    },
    "name": "cooked_shredded_seaweed_3",
    "namespace": "mod"
  }
}