{
  "_fv": 60,
  "_type": "recipe",
  "definition": {
    "recipeType": "Campfire cooking",
    "recipeRetstackSize": 1,
    "group": "meat",
    "cookingBookCategory": "FOOD",
    "xpReward": 1.0,
    "cookingTime": 580,
    "craftingBookCategory": "MISC",
    "recipeShapeless": false,
    "campfireCookingInputStack": {
      "value": "CUSTOM:RawChickenNuggets"
    },
    "campfireCookingReturnStack": {
      "value": "CUSTOM:CookedChickenNuggets"
    },
    "name": "cooked_chicken_nuggets_3",
    "namespace": "mod"
  }
}