{
  "_fv": 60,
  "_type": "recipe",
  "definition": {
    "recipeType": "Smelting",
    "recipeRetstackSize": 1,
    "group": "meat",
    "cookingBookCategory": "FOOD",
    "xpReward": 1.0,
    "cookingTime": 200,
    "craftingBookCategory": "MISC",
    "recipeShapeless": false,
    "smeltingInputStack": {
      "value": "CUSTOM:RawMuttonNuggets"
    },
    "smeltingReturnStack": {
      "value": "CUSTOM:CookedMuttonNuggets"
    },
    "name": "cooked_mutton_nuggets_1",
    "namespace": "mod"
  }
}