{
  "_fv": 60,
  "_type": "tool",
  "definition": {
    "toolType": "Sword",
    "renderType": 0,
    "blockingRenderType": 0,
    "texture": "tongjian",
    "customModelName": "Normal",
    "blockingModelName": "Normal blocking",
    "name": "Copper Sword",
    "specialInformation": {
      "fixedValue": []
    },
    "creativeTab": {
      "value": "CUSTOM:FantasyCraft6"
    },
    "harvestLevel": 1,
    "efficiency": 4.0,
    "attackSpeed": 1.6,
    "enchantability": 12,
    "damageVsEntity": 5.0,
    "usageCount": 185,
    "blocksAffected": [],
    "glowCondition": {
      "fixedValue": false
    },
    "repairItems": [
      {
        "value": "Items.COPPER_INGOT"
      }
    ],
    "immuneToFire": false,
    "stayInGridWhenCrafting": false,
    "damageOnCrafting": false
  }
}