{
  "_fv": 60,
  "_type": "tool",
  "definition": {
    "toolType": "Spade",
    "renderType": 0,
    "blockingRenderType": 0,
    "texture": "coppershovel",
    "customModelName": "Normal",
    "blockingModelName": "Normal blocking",
    "name": "Copper Shovel",
    "specialInformation": {
      "fixedValue": []
    },
    "creativeTab": {
      "value": "CUSTOM:FantasyCraft5"
    },
    "harvestLevel": 2,
    "efficiency": 4.0,
    "attackSpeed": 1.0,
    "enchantability": 12,
    "damageVsEntity": 4.0,
    "usageCount": 185,
    "blocksAffected": [],
    "glowCondition": {
      "fixedValue": false
    },
    "repairItems": [
      {
        "value": "Items.COPPER_INGOT"
      }
    ],
    "immuneToFire": false,
    "stayInGridWhenCrafting": false,
    "damageOnCrafting": false
  }
}