{
  "_fv": 60,
  "_type": "recipe",
  "definition": {
    "recipeType": "Crafting",
    "recipeRetstackSize": 1,
    "group": "flavouring",
    "cookingBookCategory": "MISC",
    "xpReward": 0.0,
    "cookingTime": 200,
    "craftingBookCategory": "MISC",
    "recipeShapeless": true,
    "recipeSlots": [
      {
        "value": "Items.WHEAT_SEEDS"
      },
      {
        "value": "Items.WHEAT_SEEDS"
      },
      {
        "value": "Items.WHEAT_SEEDS"
      },
      {
        "value": "Items.WHEAT_SEEDS"
      },
      {
        "value": "Items.WHEAT_SEEDS"
      },
      {
        "value": "Items.WHEAT_SEEDS"
      },
      {
        "value": "Items.WHEAT_SEEDS"
      },
      {
        "value": "CUSTOM:Emptybottle4"
      },
      {
        "value": ""
      }
    ],
    "recipeReturnStack": {
      "value": "CUSTOM:Crudeoil"
    },
    "name": "crudeoil_0",
    "namespace": "mod"
  }
}