{
  "_fv": 60,
  "_type": "tool",
  "definition": {
    "toolType": "Sword",
    "renderType": 0,
    "blockingRenderType": 0,
    "texture": "lu_bao_shi_jian_",
    "customModelName": "Normal",
    "blockingModelName": "Normal blocking",
    "name": "Emerald Sword",
    "specialInformation": {
      "fixedValue": []
    },
    "creativeTab": {
      "value": "CUSTOM:FantasyCraft6"
    },
    "harvestLevel": 1,
    "efficiency": 8.0,
    "attackSpeed": 1.6,
    "enchantability": 9,
    "damageVsEntity": 6.0,
    "usageCount": 1561,
    "blocksAffected": [],
    "glowCondition": {
      "fixedValue": false
    },
    "repairItems": [
      {
        "value": "Items.EMERALD"
      }
    ],
    "immuneToFire": false,
    "stayInGridWhenCrafting": false,
    "damageOnCrafting": false
  }
}