{
  "_fv": 60,
  "_type": "tool",
  "definition": {
    "toolType": "Pickaxe",
    "renderType": 0,
    "blockingRenderType": 0,
    "texture": "lvbaoshigao",
    "customModelName": "Normal",
    "blockingModelName": "Normal blocking",
    "name": "Emerald Pickaxe",
    "specialInformation": {
      "fixedValue": []
    },
    "creativeTab": {
      "value": "CUSTOM:FantasyCraft5"
    },
    "harvestLevel": 1,
    "efficiency": 4.0,
    "attackSpeed": 1.2,
    "enchantability": 9,
    "damageVsEntity": 4.5,
    "usageCount": 1561,
    "blocksAffected": [],
    "glowCondition": {
      "fixedValue": false
    },
    "repairItems": [
      {
        "value": "Items.EMERALD"
      }
    ],
    "immuneToFire": false,
    "stayInGridWhenCrafting": false,
    "damageOnCrafting": false
  }
}