{
  "_fv": 60,
  "_type": "item",
  "definition": {
    "renderType": 0,
    "texture": "zhuang_shui_de_zhi_wu_you_ping_zi_",
    "customModelName": "Normal",
    "customProperties": {},
    "states": [],
    "name": "Water Bottles",
    "rarity": "COMMON",
    "creativeTab": {
      "value": "CUSTOM:FantasyCraft4"
    },
    "stackSize": 64,
    "enchantability": 0,
    "useDuration": 64,
    "toolType": 1.0,
    "damageCount": 0,
    "recipeRemainder": {
      "value": ""
    },
    "destroyAnyBlock": false,
    "immuneToFire": false,
    "stayInGridWhenCrafting": false,
    "damageOnCrafting": false,
    "enableMeleeDamage": false,
    "damageVsEntity": 0.0,
    "specialInformation": {
      "fixedValue": []
    },
    "glowCondition": {
      "fixedValue": false
    },
    "guiBoundTo": "<NONE>",
    "inventorySize": 9,
    "inventoryStackSize": 64,
    "enableRanged": false,
    "shootConstantly": false,
    "projectile": {
      "value": "Arrow"
    },
    "isFood": true,
    "nutritionalValue": 0,
    "saturation": 0.0,
    "eatResultItem": {
      "value": "CUSTOM:Emptybottle3"
    },
    "isMeat": false,
    "isAlwaysEdible": true,
    "animation": "drink"
  }
}