{
  "_fv": 60,
  "_type": "recipe",
  "definition": {
    "recipeType": "Crafting",
    "recipeRetstackSize": 1,
    "group": "flavouring",
    "cookingBookCategory": "MISC",
    "xpReward": 0.0,
    "cookingTime": 200,
    "craftingBookCategory": "MISC",
    "recipeShapeless": false,
    "recipeSlots": [
      {
        "value": ""
      },
      {
        "value": "Blocks.GLASS"
      },
      {
        "value": ""
      },
      {
        "value": "Blocks.GLASS"
      },
      {
        "value": ""
      },
      {
        "value": "Blocks.GLASS"
      },
      {
        "value": "Blocks.GLASS"
      },
      {
        "value": ""
      },
      {
        "value": "Blocks.GLASS"
      }
    ],
    "recipeReturnStack": {
      "value": "CUSTOM:Emptybottle3"
    },
    "name": "emptybottle_03",
    "namespace": "mod"
  }
}