{
  "_fv": 60,
  "_type": "recipe",
  "definition": {
    "recipeType": "Crafting",
    "recipeRetstackSize": 1,
    "group": "honeycombbriquet",
    "cookingBookCategory": "MISC",
    "xpReward": 0.0,
    "cookingTime": 200,
    "craftingBookCategory": "MISC",
    "recipeShapeless": false,
    "recipeSlots": [
      {
        "value": "Items.COAL#0"
      },
      {
        "value": "Items.COAL#0"
      },
      {
        "value": "Items.COAL#0"
      },
      {
        "value": "Items.COAL#0"
      },
      {
        "value": "Items.REDSTONE"
      },
      {
        "value": "Items.COAL#0"
      },
      {
        "value": "Items.COAL#0"
      },
      {
        "value": "Items.COAL#0"
      },
      {
        "value": "Items.COAL#0"
      }
    ],
    "recipeReturnStack": {
      "value": "CUSTOM:HoneycombBriquet"
    },
    "name": "honeycomb_briquet_0",
    "namespace": "mod"
  }
}