{
  "_fv": 60,
  "_type": "tool",
  "definition": {
    "toolType": "Sword",
    "renderType": 0,
    "blockingRenderType": 0,
    "texture": "chu_dao_",
    "customModelName": "Normal",
    "blockingModelName": "Normal blocking",
    "name": "Kitchen Knife",
    "specialInformation": {
      "fixedValue": []
    },
    "creativeTab": {
      "value": "CUSTOM:FantasyCraft5"
    },
    "harvestLevel": 1,
    "efficiency": 4.0,
    "attackSpeed": 2.0,
    "enchantability": 2,
    "damageVsEntity": 1.5,
    "usageCount": 256,
    "blocksAffected": [],
    "glowCondition": {
      "fixedValue": false
    },
    "repairItems": [
      {
        "value": "Items.IRON_INGOT"
      }
    ],
    "immuneToFire": false,
    "stayInGridWhenCrafting": true,
    "damageOnCrafting": true
  }
}