{
  "_fv": 60,
  "_type": "tool",
  "definition": {
    "toolType": "Pickaxe",
    "renderType": 0,
    "blockingRenderType": 0,
    "texture": "platinumpickaxe",
    "customModelName": "Normal",
    "blockingModelName": "Normal blocking",
    "name": "Platinum Pickaxe",
    "specialInformation": {
      "fixedValue": []
    },
    "creativeTab": {
      "value": "CUSTOM:FantasyCraft5"
    },
    "harvestLevel": 2,
    "efficiency": 7.0,
    "attackSpeed": 1.2,
    "enchantability": 16,
    "damageVsEntity": 4.5,
    "usageCount": 237,
    "blocksAffected": [],
    "glowCondition": {
      "fixedValue": false
    },
    "repairItems": [
      {
        "value": "CUSTOM:PlatinumIngot"
      }
    ],
    "immuneToFire": false,
    "stayInGridWhenCrafting": false,
    "damageOnCrafting": false
  }
}