{
  "_fv": 60,
  "_type": "gui",
  "definition": {
    "type": 1,
    "width": 176,
    "height": 166,
    "inventoryOffsetX": 0,
    "inventoryOffsetY": 0,
    "renderBgLayer": true,
    "doesPauseGame": false,
    "components": [
      {
        "type": "inputslot",
        "data": {
          "inputLimit": {
            "value": ""
          },
          "disablePlacement": {
            "fixedValue": false
          },
          "id": 0,
          "disablePickup": {
            "fixedValue": false
          },
          "dropItemsWhenNotBound": true,
          "x": 150,
          "y": 52
        }
      },
      {
        "type": "inputslot",
        "data": {
          "inputLimit": {
            "value": ""
          },
          "disablePlacement": {
            "fixedValue": false
          },
          "id": 1,
          "disablePickup": {
            "fixedValue": false
          },
          "dropItemsWhenNotBound": true,
          "x": 150,
          "y": 70
        }
      },
      {
        "type": "inputslot",
        "data": {
          "inputLimit": {
            "value": ""
          },
          "disablePlacement": {
            "fixedValue": false
          },
          "id": 2,
          "disablePickup": {
            "fixedValue": false
          },
          "dropItemsWhenNotBound": true,
          "x": 168,
          "y": 52
        }
      },
      {
        "type": "inputslot",
        "data": {
          "inputLimit": {
            "value": ""
          },
          "disablePlacement": {
            "fixedValue": false
          },
          "id": 3,
          "disablePickup": {
            "fixedValue": false
          },
          "dropItemsWhenNotBound": true,
          "x": 168,
          "y": 70
        }
      },
      {
        "type": "outputslot",
        "data": {
          "id": 4,
          "disablePickup": {
            "fixedValue": false
          },
          "dropItemsWhenNotBound": true,
          "x": 240,
          "y": 61
        }
      },
      {
        "type": "image",
        "data": {
          "image": "blast_furnace.png",
          "use1Xscale": false,
          "x": 202,
          "y": 62
        }
      },
      {
        "type": "image",
        "data": {
          "image": "1.png",
          "use1Xscale": false,
          "displayCondition": {
            "name": "Stove4"
          },
          "x": 202,
          "y": 62
        }
      },
      {
        "type": "image",
        "data": {
          "image": "2.png",
          "use1Xscale": false,
          "displayCondition": {
            "name": "Stove5"
          },
          "x": 202,
          "y": 62
        }
      },
      {
        "type": "image",
        "data": {
          "image": "3.png",
          "use1Xscale": false,
          "displayCondition": {
            "name": "Stove6"
          },
          "x": 202,
          "y": 62
        }
      },
      {
        "type": "image",
        "data": {
          "image": "4.png",
          "use1Xscale": false,
          "displayCondition": {
            "name": "Stove7"
          },
          "x": 202,
          "y": 62
        }
      },
      {
        "type": "image",
        "data": {
          "image": "5.png",
          "use1Xscale": false,
          "displayCondition": {
            "name": "Stove8"
          },
          "x": 202,
          "y": 62
        }
      },
      {
        "type": "image",
        "data": {
          "image": "6.png",
          "use1Xscale": false,
          "displayCondition": {
            "name": "Stove9"
          },
          "x": 202,
          "y": 62
        }
      },
      {
        "type": "inputslot",
        "data": {
          "inputLimit": {
            "value": "Items.BOWL"
          },
          "disablePlacement": {
            "fixedValue": false
          },
          "id": 5,
          "disablePickup": {
            "fixedValue": false
          },
          "dropItemsWhenNotBound": true,
          "x": 197,
          "y": 94
        }
      },
      {
        "type": "inputslot",
        "data": {
          "inputLimit": {
            "value": ""
          },
          "disablePlacement": {
            "fixedValue": false
          },
          "id": 6,
          "disablePickup": {
            "fixedValue": false
          },
          "dropItemsWhenNotBound": true,
          "x": 215,
          "y": 94
        }
      },
      {
        "type": "image",
        "data": {
          "image": "bowl.png",
          "use1Xscale": false,
          "x": 198,
          "y": 95
        }
      },
      {
        "type": "image",
        "data": {
          "image": "fengwomei.png",
          "use1Xscale": false,
          "x": 216,
          "y": 95
        }
      }
    ],
    "gridSettings": {
      "sx": 18,
      "sy": 18,
      "ox": 11,
      "oy": 15,
      "snapOnGrid": false
    }
  }
}