{
  "_fv": 60,
  "_type": "recipe",
  "definition": {
    "recipeType": "Brewing",
    "recipeRetstackSize": 1,
    "group": "flavouring",
    "cookingBookCategory": "MISC",
    "xpReward": 0.0,
    "cookingTime": 200,
    "craftingBookCategory": "MISC",
    "recipeShapeless": false,
    "brewingInputStack": {
      "value": "CUSTOM:Crudeoil"
    },
    "brewingIngredientStack": {
      "value": "Items.WATER_BUCKET"
    },
    "brewingReturnStack": {
      "value": "CUSTOM:Vegetableoil"
    },
    "name": "vegetableoil_0",
    "namespace": "mod"
  }
}