{
  "_fv": 60,
  "_type": "recipe",
  "definition": {
    "recipeType": "Brewing",
    "recipeRetstackSize": 1,
    "group": "flavouring",
    "cookingBookCategory": "MISC",
    "xpReward": 0.0,
    "cookingTime": 200,
    "craftingBookCategory": "MISC",
    "recipeShapeless": false,
    "brewingInputStack": {
      "value": "CUSTOM:Primaryvinegar"
    },
    "brewingIngredientStack": {
      "value": "Items.SUGAR"
    },
    "brewingReturnStack": {
      "value": "CUSTOM:Vinegar"
    },
    "name": "vinegar_0",
    "namespace": "mod"
  }
}