{
  "type": "minecraft:crafting_shapeless",
  "group": "kelp",
  "category": "misc",
  "ingredients": [
    {
      "item": "fantasycraft:cooked_shredded_seaweed"
    },
    {
      "item": "fantasycraft:cooked_shredded_seaweed"
    },
    {
      "item": "fantasycraft:cooked_shredded_seaweed"
    },
    {
      "item": "fantasycraft:cooked_shredded_seaweed"
    },
    {
      "item": "minecraft:nether_wart"
    },
    {
      "item": "fantasycraft:vinegar"
    },
    {
      "item": "fantasycraft:vegetableoil"
    },
    {
      "item": "minecraft:bowl"
    }
  ],
  "result": {
    "item": "fantasycraft:cold_seaweed_salad",
    "count": 1
  }
}