{
  "type": "minecraft:crafting_shapeless",
  "group": "flavouring",
  "category": "misc",
  "ingredients": [
    {
      "item": "minecraft:wheat_seeds"
    },
    {
      "item": "minecraft:wheat_seeds"
    },
    {
      "item": "minecraft:wheat_seeds"
    },
    {
      "item": "minecraft:wheat_seeds"
    },
    {
      "item": "minecraft:wheat_seeds"
    },
    {
      "item": "minecraft:wheat_seeds"
    },
    {
      "item": "minecraft:wheat_seeds"
    },
    {
      "item": "fantasycraft:emptybottle_4"
    }
  ],
  "result": {
    "item": "fantasycraft:crudeoil",
    "count": 1
  }
}