{"stats":{"minecraft:custom":{"minecraft:time_since_rest":49474,"minecraft:crouch_one_cm":611,"minecraft:sprint_one_cm":23171,"minecraft:interact_with_furnace":2,"minecraft:play_time":49474,"minecraft:damage_taken":12,"minecraft:walk_one_cm":48808,"minecraft:sneak_time":680,"minecraft:walk_under_water_one_cm":470,"minecraft:drop":6,"minecraft:jump":231,"minecraft:leave_game":60,"minecraft:walk_on_water_one_cm":396,"minecraft:time_since_death":49474,"minecraft:total_world_time":82887,"minecraft:fly_one_cm":79599},"minecraft:crafted":{"minecraft:cooked_rabbit":1},"minecraft:dropped":{"minecraft:smoker":2,"fantasycraft:mayonnaise":1},"minecraft:picked_up":{"fantasycraft:mayonnaise":1,"minecraft:smoker":2,"minecraft:ink_sac":64,"fantasycraft:squid_2":64},"minecraft:used":{"minecraft:deepslate_diamond_ore":3,"fantasycraft:raw_platinum_block":3,"fantasycraft:deepslate_platinum_ore":3,"minecraft:torch":31,"fantasycraft:emptybottle_1":49,"fantasycraft:platinum_block":2,"minecraft:water_bucket":1,"fantasycraft:stove":33,"minecraft:furnace":1,"minecraft:glass_bottle":8,"minecraft:diamond_ore":1,"fantasycraft:platinum_ore":5,"minecraft:raw_gold_block":1,"fantasycraft:sour_and_spicy_shredded_potatoes":1}},"DataVersion":3465}