{
  "credit": "Made with Blockbench",
  "texture_size": [
    128,
    128
  ],
  "elements": [
    {
      "name": "tai",
      "from": [
        0,
        11,
        0
      ],
      "to": [
        16,
        12,
        16
      ],
      "rotation": {
        "angle": 0,
        "axis": "y",
        "origin": [
          8,
          0,
          8
        ]
      },
      "faces": {
        "north": {
          "uv": [
            2,
            5.125,
            4,
            5.25
          ],
          "texture": "#0"
        },
        "east": {
          "uv": [
            0,
            5.125,
            2,
            5.25
          ],
          "texture": "#0"
        },
        "south": {
          "uv": [
            6,
            5.125,
            8,
            5.25
          ],
          "texture": "#0"
        },
        "west": {
          "uv": [
            4,
            5.125,
            6,
            5.25
          ],
          "texture": "#0"
        },
        "up": {
          "uv": [
            4,
            5.125,
            2,
            3.125
          ],
          "texture": "#0"
        },
        "down": {
          "uv": [
            6,
            3.125,
            4,
            5.125
          ],
          "texture": "#0"
        }
      }
    },
    {
      "from": [
        0.5,
        0,
        1.55
      ],
      "to": [
        15.5,
        11,
        15.55
      ],
      "rotation": {
        "angle": 0,
        "axis": "y",
        "origin": [
          8,
          6.75,
          4.8
        ]
      },
      "faces": {
        "north": {
          "uv": [
            1.75,
            1.75,
            3.625,
            3.125
          ],
          "texture": "#0"
        },
        "east": {
          "uv": [
            0,
            1.75,
            1.75,
            3.125
          ],
          "texture": "#0"
        },
        "south": {
          "uv": [
            5.375,
            1.75,
            7.25,
            3.125
          ],
          "texture": "#0"
        },
        "west": {
          "uv": [
            3.625,
            1.75,
            5.375,
            3.125
          ],
          "texture": "#0"
        },
        "up": {
          "uv": [
            3.625,
            1.75,
            1.75,
            0
          ],
          "texture": "#0"
        },
        "down": {
          "uv": [
            5.5,
            0,
            3.625,
            1.75
          ],
          "texture": "#0"
        }
      }
    },
    {
      "from": [
        11.5,
        0,
        0.55
      ],
      "to": [
        15.5,
        11,
        1.55
      ],
      "rotation": {
        "angle": 0,
        "axis": "y",
        "origin": [
          8,
          6.75,
          4.8
        ]
      },
      "faces": {
        "north": {
          "uv": [
            5.375,
            5.625,
            5.875,
            7
          ],
          "texture": "#0"
        },
        "east": {
          "uv": [
            5.25,
            5.625,
            5.375,
            7
          ],
          "texture": "#0"
        },
        "south": {
          "uv": [
            6,
            5.625,
            6.5,
            7
          ],
          "texture": "#0"
        },
        "west": {
          "uv": [
            5.875,
            5.625,
            6,
            7
          ],
          "texture": "#0"
        },
        "up": {
          "uv": [
            5.875,
            5.625,
            5.375,
            5.5
          ],
          "texture": "#0"
        },
        "down": {
          "uv": [
            6.375,
            5.5,
            5.875,
            5.625
          ],
          "texture": "#0"
        }
      }
    },
    {
      "from": [
        0.5,
        0,
        0.55
      ],
      "to": [
        4.5,
        11,
        1.55
      ],
      "rotation": {
        "angle": 0,
        "axis": "y",
        "origin": [
          8,
          6.75,
          4.8
        ]
      },
      "faces": {
        "north": {
          "uv": [
            0.125,
            0.125,
            0.625,
            1.5
          ],
          "texture": "#0"
        },
        "east": {
          "uv": [
            0,
            0.125,
            0.125,
            1.5
          ],
          "texture": "#0"
        },
        "south": {
          "uv": [
            0.75,
            0.125,
            1.25,
            1.5
          ],
          "texture": "#0"
        },
        "west": {
          "uv": [
            0.625,
            0.125,
            0.75,
            1.5
          ],
          "texture": "#0"
        },
        "up": {
          "uv": [
            0.625,
            0.125,
            0.125,
            0
          ],
          "texture": "#0"
        },
        "down": {
          "uv": [
            1.125,
            0,
            0.625,
            0.125
          ],
          "texture": "#0"
        }
      }
    },
    {
      "from": [
        4.5,
        6,
        0.55
      ],
      "to": [
        11.5,
        11,
        1.55
      ],
      "rotation": {
        "angle": 0,
        "axis": "y",
        "origin": [
          8,
          6.75,
          4.8
        ]
      },
      "faces": {
        "north": {
          "uv": [
            0.125,
            3.25,
            1,
            3.875
          ],
          "texture": "#0"
        },
        "east": {
          "uv": [
            0,
            3.25,
            0.125,
            3.875
          ],
          "texture": "#0"
        },
        "south": {
          "uv": [
            1.125,
            3.25,
            2,
            3.875
          ],
          "texture": "#0"
        },
        "west": {
          "uv": [
            1,
            3.25,
            1.125,
            3.875
          ],
          "texture": "#0"
        },
        "up": {
          "uv": [
            1,
            3.25,
            0.125,
            3.125
          ],
          "texture": "#0"
        },
        "down": {
          "uv": [
            1.875,
            3.125,
            1,
            3.25
          ],
          "texture": "#0"
        }
      }
    },
    {
      "from": [
        10.5,
        4,
        0.55
      ],
      "to": [
        11.5,
        6,
        1.55
      ],
      "rotation": {
        "angle": 0,
        "axis": "y",
        "origin": [
          8,
          6.75,
          4.8
        ]
      },
      "faces": {
        "north": {
          "uv": [
            1.375,
            0.5,
            1.5,
            0.75
          ],
          "texture": "#0"
        },
        "east": {
          "uv": [
            1.25,
            0.5,
            1.375,
            0.75
          ],
          "texture": "#0"
        },
        "south": {
          "uv": [
            1.625,
            0.5,
            1.75,
            0.75
          ],
          "texture": "#0"
        },
        "west": {
          "uv": [
            1.5,
            0.5,
            1.625,
            0.75
          ],
          "texture": "#0"
        },
        "up": {
          "uv": [
            1.5,
            0.5,
            1.375,
            0.375
          ],
          "texture": "#0"
        },
        "down": {
          "uv": [
            1.625,
            0.375,
            1.5,
            0.5
          ],
          "texture": "#0"
        }
      }
    },
    {
      "from": [
        4.5,
        4,
        0.55
      ],
      "to": [
        5.5,
        6,
        1.55
      ],
      "rotation": {
        "angle": 0,
        "axis": "y",
        "origin": [
          8,
          6.75,
          4.8
        ]
      },
      "faces": {
        "north": {
          "uv": [
            1.375,
            0.125,
            1.5,
            0.375
          ],
          "texture": "#0"
        },
        "east": {
          "uv": [
            1.25,
            0.125,
            1.375,
            0.375
          ],
          "texture": "#0"
        },
        "south": {
          "uv": [
            1.625,
            0.125,
            1.75,
            0.375
          ],
          "texture": "#0"
        },
        "west": {
          "uv": [
            1.5,
            0.125,
            1.625,
            0.375
          ],
          "texture": "#0"
        },
        "up": {
          "uv": [
            1.5,
            0.125,
            1.375,
            0
          ],
          "texture": "#0"
        },
        "down": {
          "uv": [
            1.625,
            0,
            1.5,
            0.125
          ],
          "texture": "#0"
        }
      }
    },
    {
      "from": [
        5.5,
        5,
        0.55
      ],
      "to": [
        6.5,
        6,
        1.55
      ],
      "rotation": {
        "angle": 0,
        "axis": "y",
        "origin": [
          8,
          6.75,
          4.8
        ]
      },
      "faces": {
        "north": {
          "uv": [
            1.125,
            1.625,
            1.25,
            1.75
          ],
          "texture": "#0"
        },
        "east": {
          "uv": [
            1,
            1.625,
            1.125,
            1.75
          ],
          "texture": "#0"
        },
        "south": {
          "uv": [
            1.375,
            1.625,
            1.5,
            1.75
          ],
          "texture": "#0"
        },
        "west": {
          "uv": [
            1.25,
            1.625,
            1.375,
            1.75
          ],
          "texture": "#0"
        },
        "up": {
          "uv": [
            1.25,
            1.625,
            1.125,
            1.5
          ],
          "texture": "#0"
        },
        "down": {
          "uv": [
            1.375,
            1.5,
            1.25,
            1.625
          ],
          "texture": "#0"
        }
      }
    },
    {
      "from": [
        9.5,
        5,
        0.55
      ],
      "to": [
        10.5,
        6,
        1.55
      ],
      "rotation": {
        "angle": 0,
        "axis": "y",
        "origin": [
          8,
          6.75,
          4.8
        ]
      },
      "faces": {
        "north": {
          "uv": [
            0.625,
            1.625,
            0.75,
            1.75
          ],
          "texture": "#0"
        },
        "east": {
          "uv": [
            0.5,
            1.625,
            0.625,
            1.75
          ],
          "texture": "#0"
        },
        "south": {
          "uv": [
            0.875,
            1.625,
            1,
            1.75
          ],
          "texture": "#0"
        },
        "west": {
          "uv": [
            0.75,
            1.625,
            0.875,
            1.75
          ],
          "texture": "#0"
        },
        "up": {
          "uv": [
            0.75,
            1.625,
            0.625,
            1.5
          ],
          "texture": "#0"
        },
        "down": {
          "uv": [
            0.875,
            1.5,
            0.75,
            1.625
          ],
          "texture": "#0"
        }
      }
    },
    {
      "name": "guo",
      "from": [
        3,
        12,
        3
      ],
      "to": [
        13,
        13,
        13
      ],
      "rotation": {
        "angle": 0,
        "axis": "y",
        "origin": [
          8,
          0,
          8
        ]
      },
      "faces": {
        "north": {
          "uv": [
            1.25,
            6.5,
            2.5,
            6.625
          ],
          "texture": "#0"
        },
        "east": {
          "uv": [
            0,
            6.5,
            1.25,
            6.625
          ],
          "texture": "#0"
        },
        "south": {
          "uv": [
            3.75,
            6.5,
            5,
            6.625
          ],
          "texture": "#0"
        },
        "west": {
          "uv": [
            2.5,
            6.5,
            3.75,
            6.625
          ],
          "texture": "#0"
        },
        "up": {
          "uv": [
            2.5,
            6.5,
            1.25,
            5.25
          ],
          "texture": "#0"
        },
        "down": {
          "uv": [
            3.75,
            5.25,
            2.5,
            6.5
          ],
          "texture": "#0"
        }
      }
    },
    {
      "from": [
        0,
        14.7417,
        9.8
      ],
      "to": [
        1,
        15.7417,
        10.8
      ],
      "rotation": {
        "angle": 0,
        "axis": "y",
        "origin": [
          8,
          4.13333,
          8
        ]
      },
      "faces": {
        "north": {
          "uv": [
            0.125,
            1.625,
            0.25,
            1.75
          ],
          "texture": "#0"
        },
        "east": {
          "uv": [
            0,
            1.625,
            0.125,
            1.75
          ],
          "texture": "#0"
        },
        "south": {
          "uv": [
            0.375,
            1.625,
            0.5,
            1.75
          ],
          "texture": "#0"
        },
        "west": {
          "uv": [
            0.25,
            1.625,
            0.375,
            1.75
          ],
          "texture": "#0"
        },
        "up": {
          "uv": [
            0.25,
            1.625,
            0.125,
            1.5
          ],
          "texture": "#0"
        },
        "down": {
          "uv": [
            0.375,
            1.5,
            0.25,
            1.625
          ],
          "texture": "#0"
        }
      }
    },
    {
      "from": [
        0,
        14.74167,
        5.8
      ],
      "to": [
        1,
        15.74167,
        6.8
      ],
      "rotation": {
        "angle": 0,
        "axis": "y",
        "origin": [
          8,
          4.16667,
          8
        ]
      },
      "faces": {
        "north": {
          "uv": [
            1.375,
            1.375,
            1.5,
            1.5
          ],
          "texture": "#0"
        },
        "east": {
          "uv": [
            1.25,
            1.375,
            1.375,
            1.5
          ],
          "texture": "#0"
        },
        "south": {
          "uv": [
            1.625,
            1.375,
            1.75,
            1.5
          ],
          "texture": "#0"
        },
        "west": {
          "uv": [
            1.5,
            1.375,
            1.625,
            1.5
          ],
          "texture": "#0"
        },
        "up": {
          "uv": [
            1.5,
            1.375,
            1.375,
            1.25
          ],
          "texture": "#0"
        },
        "down": {
          "uv": [
            1.625,
            1.25,
            1.5,
            1.375
          ],
          "texture": "#0"
        }
      }
    },
    {
      "from": [
        -1,
        14.74167,
        5.8
      ],
      "to": [
        0,
        15.74167,
        10.8
      ],
      "rotation": {
        "angle": 0,
        "axis": "y",
        "origin": [
          -0.5,
          15.24167,
          8.3
        ]
      },
      "faces": {
        "north": {
          "uv": [
            6.625,
            4.875,
            6.75,
            5
          ],
          "texture": "#0"
        },
        "east": {
          "uv": [
            6,
            4.875,
            6.625,
            5
          ],
          "texture": "#0"
        },
        "south": {
          "uv": [
            7.375,
            4.875,
            7.5,
            5
          ],
          "texture": "#0"
        },
        "west": {
          "uv": [
            6.75,
            4.875,
            7.375,
            5
          ],
          "texture": "#0"
        },
        "up": {
          "uv": [
            6.75,
            4.875,
            6.625,
            4.25
          ],
          "texture": "#0"
        },
        "down": {
          "uv": [
            6.875,
            4.25,
            6.75,
            4.875
          ],
          "texture": "#0"
        }
      }
    },
    {
      "from": [
        15,
        14.7417,
        5.2
      ],
      "to": [
        16,
        15.7417,
        6.2
      ],
      "rotation": {
        "angle": 0,
        "axis": "y",
        "origin": [
          8,
          4.13333,
          8
        ]
      },
      "faces": {
        "north": {
          "uv": [
            1.375,
            1.125,
            1.5,
            1.25
          ],
          "texture": "#0"
        },
        "east": {
          "uv": [
            1.25,
            1.125,
            1.375,
            1.25
          ],
          "texture": "#0"
        },
        "south": {
          "uv": [
            1.625,
            1.125,
            1.75,
            1.25
          ],
          "texture": "#0"
        },
        "west": {
          "uv": [
            1.5,
            1.125,
            1.625,
            1.25
          ],
          "texture": "#0"
        },
        "up": {
          "uv": [
            1.5,
            1.125,
            1.375,
            1
          ],
          "texture": "#0"
        },
        "down": {
          "uv": [
            1.625,
            1,
            1.5,
            1.125
          ],
          "texture": "#0"
        }
      }
    },
    {
      "from": [
        15,
        14.74167,
        9.2
      ],
      "to": [
        16,
        15.74167,
        10.2
      ],
      "rotation": {
        "angle": 0,
        "axis": "y",
        "origin": [
          8,
          4.16667,
          8
        ]
      },
      "faces": {
        "north": {
          "uv": [
            1.375,
            0.875,
            1.5,
            1
          ],
          "texture": "#0"
        },
        "east": {
          "uv": [
            1.25,
            0.875,
            1.375,
            1
          ],
          "texture": "#0"
        },
        "south": {
          "uv": [
            1.625,
            0.875,
            1.75,
            1
          ],
          "texture": "#0"
        },
        "west": {
          "uv": [
            1.5,
            0.875,
            1.625,
            1
          ],
          "texture": "#0"
        },
        "up": {
          "uv": [
            1.5,
            0.875,
            1.375,
            0.75
          ],
          "texture": "#0"
        },
        "down": {
          "uv": [
            1.625,
            0.75,
            1.5,
            0.875
          ],
          "texture": "#0"
        }
      }
    },
    {
      "from": [
        16,
        14.74167,
        5.2
      ],
      "to": [
        17,
        15.74167,
        10.2
      ],
      "rotation": {
        "angle": 0,
        "axis": "y",
        "origin": [
          8,
          4.24167,
          8.375
        ]
      },
      "faces": {
        "north": {
          "uv": [
            0.625,
            4.5,
            0.75,
            4.625
          ],
          "texture": "#0"
        },
        "east": {
          "uv": [
            0,
            4.5,
            0.625,
            4.625
          ],
          "texture": "#0"
        },
        "south": {
          "uv": [
            1.375,
            4.5,
            1.5,
            4.625
          ],
          "texture": "#0"
        },
        "west": {
          "uv": [
            0.75,
            4.5,
            1.375,
            4.625
          ],
          "texture": "#0"
        },
        "up": {
          "uv": [
            0.75,
            4.5,
            0.625,
            3.875
          ],
          "texture": "#0"
        },
        "down": {
          "uv": [
            0.875,
            3.875,
            0.75,
            4.5
          ],
          "texture": "#0"
        }
      }
    },
    {
      "from": [
        2,
        12.5,
        13
      ],
      "to": [
        14,
        13.5,
        14
      ],
      "rotation": {
        "angle": 0,
        "axis": "y",
        "origin": [
          8,
          -0.5,
          19
        ]
      },
      "faces": {
        "north": {
          "uv": [
            5.625,
            1.5,
            7.125,
            1.625
          ],
          "texture": "#0"
        },
        "east": {
          "uv": [
            5.5,
            1.5,
            5.625,
            1.625
          ],
          "texture": "#0"
        },
        "south": {
          "uv": [
            7.25,
            1.5,
            8.75,
            1.625
          ],
          "texture": "#0"
        },
        "west": {
          "uv": [
            7.125,
            1.5,
            7.25,
            1.625
          ],
          "texture": "#0"
        },
        "up": {
          "uv": [
            7.125,
            1.5,
            5.625,
            1.375
          ],
          "texture": "#0"
        },
        "down": {
          "uv": [
            8.625,
            1.375,
            7.125,
            1.5
          ],
          "texture": "#0"
        }
      }
    },
    {
      "from": [
        13,
        12.5,
        3
      ],
      "to": [
        14,
        13.5,
        13
      ],
      "rotation": {
        "angle": 0,
        "axis": "y",
        "origin": [
          13.5,
          13,
          8
        ]
      },
      "faces": {
        "north": {
          "uv": [
            7.25,
            3.125,
            7.375,
            3.25
          ],
          "texture": "#0"
        },
        "east": {
          "uv": [
            6,
            3.125,
            7.25,
            3.25
          ],
          "texture": "#0"
        },
        "south": {
          "uv": [
            8.625,
            3.125,
            8.75,
            3.25
          ],
          "texture": "#0"
        },
        "west": {
          "uv": [
            7.375,
            3.125,
            8.625,
            3.25
          ],
          "texture": "#0"
        },
        "up": {
          "uv": [
            7.375,
            3.125,
            7.25,
            1.875
          ],
          "texture": "#0"
        },
        "down": {
          "uv": [
            7.5,
            1.875,
            7.375,
            3.125
          ],
          "texture": "#0"
        }
      }
    },
    {
      "from": [
        2,
        12.5,
        3
      ],
      "to": [
        3,
        13.5,
        13
      ],
      "rotation": {
        "angle": 0,
        "axis": "y",
        "origin": [
          2.5,
          13,
          8
        ]
      },
      "faces": {
        "north": {
          "uv": [
            6.75,
            1.25,
            6.875,
            1.375
          ],
          "texture": "#0"
        },
        "east": {
          "uv": [
            5.5,
            1.25,
            6.75,
            1.375
          ],
          "texture": "#0"
        },
        "south": {
          "uv": [
            8.125,
            1.25,
            8.25,
            1.375
          ],
          "texture": "#0"
        },
        "west": {
          "uv": [
            6.875,
            1.25,
            8.125,
            1.375
          ],
          "texture": "#0"
        },
        "up": {
          "uv": [
            6.875,
            1.25,
            6.75,
            0
          ],
          "texture": "#0"
        },
        "down": {
          "uv": [
            7,
            0,
            6.875,
            1.25
          ],
          "texture": "#0"
        }
      }
    },
    {
      "from": [
        2,
        12.5,
        2
      ],
      "to": [
        14,
        13.5,
        3
      ],
      "rotation": {
        "angle": 0,
        "axis": "y",
        "origin": [
          8,
          -0.5,
          8
        ]
      },
      "faces": {
        "north": {
          "uv": [
            5.375,
            5.375,
            6.875,
            5.5
          ],
          "texture": "#0"
        },
        "east": {
          "uv": [
            5.25,
            5.375,
            5.375,
            5.5
          ],
          "texture": "#0"
        },
        "south": {
          "uv": [
            7,
            5.375,
            8.5,
            5.5
          ],
          "texture": "#0"
        },
        "west": {
          "uv": [
            6.875,
            5.375,
            7,
            5.5
          ],
          "texture": "#0"
        },
        "up": {
          "uv": [
            6.875,
            5.375,
            5.375,
            5.25
          ],
          "texture": "#0"
        },
        "down": {
          "uv": [
            8.375,
            5.25,
            6.875,
            5.375
          ],
          "texture": "#0"
        }
      }
    },
    {
      "from": [
        14,
        13.075,
        1
      ],
      "to": [
        15,
        16.075,
        15
      ],
      "rotation": {
        "angle": 0,
        "axis": "y",
        "origin": [
          14.5,
          14.575,
          8
        ]
      },
      "faces": {
        "north": {
          "uv": [
            7,
            7.375,
            7.125,
            7.75
          ],
          "texture": "#0"
        },
        "east": {
          "uv": [
            5.25,
            7.375,
            7,
            7.75
          ],
          "texture": "#0"
        },
        "south": {
          "uv": [
            8.875,
            7.375,
            9,
            7.75
          ],
          "texture": "#0"
        },
        "west": {
          "uv": [
            7.125,
            7.375,
            8.875,
            7.75
          ],
          "texture": "#0"
        },
        "up": {
          "uv": [
            7.125,
            7.375,
            7,
            5.625
          ],
          "texture": "#0"
        },
        "down": {
          "uv": [
            7.25,
            5.625,
            7.125,
            7.375
          ],
          "texture": "#0"
        }
      }
    },
    {
      "from": [
        1,
        13.075,
        1
      ],
      "to": [
        2,
        16.075,
        15
      ],
      "rotation": {
        "angle": 0,
        "axis": "y",
        "origin": [
          1.5,
          14.575,
          8
        ]
      },
      "faces": {
        "north": {
          "uv": [
            5,
            7,
            5.125,
            7.375
          ],
          "texture": "#0"
        },
        "east": {
          "uv": [
            3.25,
            7,
            5,
            7.375
          ],
          "texture": "#0"
        },
        "south": {
          "uv": [
            6.875,
            7,
            7,
            7.375
          ],
          "texture": "#0"
        },
        "west": {
          "uv": [
            5.125,
            7,
            6.875,
            7.375
          ],
          "texture": "#0"
        },
        "up": {
          "uv": [
            5.125,
            7,
            5,
            5.25
          ],
          "texture": "#0"
        },
        "down": {
          "uv": [
            5.25,
            5.25,
            5.125,
            7
          ],
          "texture": "#0"
        }
      }
    },
    {
      "from": [
        2,
        13.075,
        1
      ],
      "to": [
        14,
        16.075,
        2
      ],
      "rotation": {
        "angle": 0,
        "axis": "y",
        "origin": [
          8,
          14.575,
          1.5
        ]
      },
      "faces": {
        "north": {
          "uv": [
            6.125,
            3.875,
            7.625,
            4.25
          ],
          "texture": "#0"
        },
        "east": {
          "uv": [
            6,
            3.875,
            6.125,
            4.25
          ],
          "texture": "#0"
        },
        "south": {
          "uv": [
            7.75,
            3.875,
            9.25,
            4.25
          ],
          "texture": "#0"
        },
        "west": {
          "uv": [
            7.625,
            3.875,
            7.75,
            4.25
          ],
          "texture": "#0"
        },
        "up": {
          "uv": [
            7.625,
            3.875,
            6.125,
            3.75
          ],
          "texture": "#0"
        },
        "down": {
          "uv": [
            9.125,
            3.75,
            7.625,
            3.875
          ],
          "texture": "#0"
        }
      }
    },
    {
      "from": [
        2,
        13.075,
        14
      ],
      "to": [
        14,
        16.075,
        15
      ],
      "rotation": {
        "angle": 0,
        "axis": "y",
        "origin": [
          8,
          14.575,
          14.5
        ]
      },
      "faces": {
        "north": {
          "uv": [
            6.125,
            3.375,
            7.625,
            3.75
          ],
          "texture": "#0"
        },
        "east": {
          "uv": [
            6,
            3.375,
            6.125,
            3.75
          ],
          "texture": "#0"
        },
        "south": {
          "uv": [
            7.75,
            3.375,
            9.25,
            3.75
          ],
          "texture": "#0"
        },
        "west": {
          "uv": [
            7.625,
            3.375,
            7.75,
            3.75
          ],
          "texture": "#0"
        },
        "up": {
          "uv": [
            7.625,
            3.375,
            6.125,
            3.25
          ],
          "texture": "#0"
        },
        "down": {
          "uv": [
            9.125,
            3.25,
            7.625,
            3.375
          ],
          "texture": "#0"
        }
      }
    }
  ],
  "display": {
    "thirdperson_righthand": {
      "rotation": [
        82,
        0,
        0
      ],
      "translation": [
        -0.25,
        2.75,
        0
      ],
      "scale": [
        0.4,
        0.4,
        0.4
      ]
    },
    "thirdperson_lefthand": {
      "rotation": [
        82,
        0,
        0
      ],
      "translation": [
        -0.25,
        2.75,
        0
      ],
      "scale": [
        0.4,
        0.4,
        0.4
      ]
    },
    "firstperson_righthand": {
      "rotation": [
        17,
        0,
        0
      ],
      "scale": [
        0.42,
        0.4,
        0.35
      ]
    },
    "firstperson_lefthand": {
      "rotation": [
        17,
        0,
        0
      ],
      "scale": [
        0.46,
        0.4,
        0.31
      ]
    },
    "ground": {
      "translation": [
        0,
        3,
        0
      ],
      "scale": [
        0.3,
        0.3,
        0.3
      ]
    },
    "gui": {
      "scale": [
        0.73,
        0.73,
        0.73
      ]
    },
    "head": {
      "translation": [
        0,
        2.25,
        0
      ],
      "scale": [
        1.1,
        1.1,
        1.1
      ]
    },
    "fixed": {
      "scale": [
        0.5,
        0.5,
        0.5
      ]
    }
  },
  "groups": [
    {
      "name": "tai2",
      "origin": [
        8,
        0,
        8
      ],
      "color": 0,
      "children": [
        {
          "name": "tai",
          "origin": [
            8,
            0,
            8
          ],
          "color": 0,
          "children": [
            0,
            1,
            {
              "name": "mian",
              "origin": [
                8,
                0,
                8
              ],
              "color": 0,
              "children": [
                {
                  "name": "bone10",
                  "origin": [
                    8,
                    -0.3,
                    8
                  ],
                  "color": 0,
                  "children": [
                    2,
                    3,
                    4,
                    5,
                    6,
                    7,
                    8
                  ]
                }
              ]
            }
          ]
        },
        {
          "name": "guo",
          "origin": [
            8,
            4.16667,
            8
          ],
          "color": 0,
          "children": [
            9,
            {
              "name": "guoba3",
              "origin": [
                8,
                4.16667,
                8
              ],
              "color": 0,
              "children": [
                10,
                11,
                12
              ]
            },
            {
              "name": "guoba2",
              "origin": [
                8,
                4.16667,
                8
              ],
              "color": 0,
              "children": [
                13,
                14,
                15
              ]
            },
            {
              "name": "bone9",
              "origin": [
                8,
                -0.5,
                19
              ],
              "color": 0,
              "children": [
                {
                  "name": "bone6",
                  "origin": [
                    8,
                    -0.5,
                    19
                  ],
                  "color": 0,
                  "children": [
                    16
                  ]
                },
                {
                  "name": "bone8",
                  "origin": [
                    13,
                    13,
                    8.5
                  ],
                  "color": 0,
                  "children": [
                    17
                  ]
                },
                {
                  "name": "bone7",
                  "origin": [
                    2,
                    13,
                    8.5
                  ],
                  "color": 0,
                  "children": [
                    18
                  ]
                },
                {
                  "name": "bone5",
                  "origin": [
                    8,
                    -0.5,
                    8
                  ],
                  "color": 0,
                  "children": [
                    19
                  ]
                }
              ]
            },
            {
              "name": "guobian",
              "origin": [
                8,
                2.075,
                8
              ],
              "color": 0,
              "children": [
                {
                  "name": "bone2",
                  "origin": [
                    16,
                    16.075,
                    9
                  ],
                  "color": 0,
                  "children": [
                    20
                  ]
                },
                {
                  "name": "bone4",
                  "origin": [
                    0,
                    16.075,
                    7
                  ],
                  "color": 0,
                  "children": [
                    21
                  ]
                },
                {
                  "name": "bone3",
                  "origin": [
                    8,
                    14.575,
                    1.5
                  ],
                  "color": 0,
                  "children": [
                    22
                  ]
                },
                {
                  "name": "bone",
                  "origin": [
                    7,
                    16.075,
                    16
                  ],
                  "color": 0,
                  "children": [
                    23
                  ]
                }
              ]
            }
          ]
        }
      ]
    }
  ]
}